subreddit,coeff
/r/hardware,1.0
/r/suggestalaptop,1.0
/r/freegamefindings,1.0
/r/hardwareswapuk,1.0
/r/fican,1.0
/r/investing,1.0
/r/bikecommuting,1.0
/r/buildapcforme,1.0
/r/minimalism,1.0
/r/permaculture,1.0
/r/economiccollapse,1.0
/r/hardwareswapeu,1.0
/r/declutter,1.0
/r/steamos,1.0
/r/environment,1.0
/r/patientgamers,1.0
/r/stockmarketcrash,1.0
/r/leanfire,1.0
/r/buyitforlife,0.8333333333333334
/r/anticonsumption,0.8
/r/vegan,0.6666666666666666
/r/gardening,0.6666666666666666
/r/buildapcsales,0.6666666666666666
/r/eatcheapandhealthy,0.6666666666666666
/r/personalfinance,0.5
/r/steamgameswap,0.5
/r/sustainability,0.3055555555555556
/r/povertyfinance,0.3
/r/freegamesonsteam,0.2
/r/personalfinancecanada,0.2
/r/zerowaste,0.15
/r/canadianhardwareswap,0.13186813186813187
/r/buildapc,0.12727272727272726
/r/simpleliving,0.0915032679738562
/r/hardwareswap,0.08791208791208792
/r/gamedeals,0.07692307692307693
/r/steam,0.06666666666666667
/r/bapcsalescanada,0.06666666666666667
/r/financialindependence,0.05714285714285714
/r/shouldibuythisgame,0.05555555555555555
/r/frugal,0.045584045584045586
/r/steamcontroller,0.027777777777777776
/r/randomactsofgaming,0.022222222222222223
/r/collapse,0.015126050420168067
/r/plantbaseddiet,0.01282051282051282
/r/pureland,0.0
/r/apphookup,0.0
/r/cadeals,0.0
/r/games,0.0
/r/steambox,0.0
/r/collapsedoc,0.0
/r/survival,0.0
/r/rad_decentralization,0.0
/r/vegandoctors,0.0
/r/eatcheapandvegan,0.0
/r/battlestations,0.0
/r/stoicism,0.0
/r/ausfinance,0.0
/r/androidgamedeals,0.0
/r/depression,0.0
/r/boardgameexchange,0.0
/r/mealprepsunday,0.0
/r/breadit,0.0
/r/veganexchange,0.0
/r/buddhism,0.0
/r/theravada,0.0
/r/resilientcommunities,0.0
/r/gamingsuggestions,0.0
/r/steamhardware,0.0
/r/pcmasterrace,0.0
/r/nutritionfacts,0.0
/r/beermoney,0.0
/r/valve,0.0
/r/cheap_meals,0.0
/r/thriftstorehauls,0.0
/r/foraging,0.0
/r/appleswap,0.0
/r/steam_giveaway,0.0
/r/mahamudra,0.0
/r/suicidewatch,0.0
/r/mealprep,0.0
/r/vegetarian,0.0
/r/rich_roll,0.0
/r/budgetfood,0.0
/r/epicureanism,0.0
/r/zenbuddhism,0.0
/r/free,0.0
/r/serioussteamreviews,0.0
/r/selfsufficiency,0.0
/r/steamcontrollermods,0.0
/r/hulu,0.0
/r/globalcollapse,0.0
/r/steamfriend,0.0
/r/europefire,0.0
/r/frugalurbanhermits,0.0
/r/steamdeals,0.0
/r/yoga,0.0
/r/koans,0.0
/r/hardwareswapaustralia,0.0
/r/meditation,0.0
/r/maketotaldestr0i,0.0
/r/asmr,0.0
/r/peakoil,0.0
/r/canning,0.0
/r/whatcarshouldibuy,0.0
/r/slowcooking,0.0
/r/askvegans,0.0
/r/composting,0.0
/r/squarefootgardening,0.0
/r/vegproblems,0.0
/r/homestead,0.0
/r/postcollapse,0.0
/r/mahayana,0.0
/r/meditationpics,0.0
/r/techsupport,0.0
/r/stormcoming,0.0
/r/veganrecipes,0.0
/r/vegetarianism,0.0
/r/collapsademic,0.0
/r/raw,0.0
/r/nosurf,0.0
/r/playitforward,0.0
/r/laptopdeals,0.0
/r/canadianinvestor,0.0
/r/vajrayana,0.0
/r/veg,0.0
/r/collapseskills,0.0
/r/frugalketo,0.0
/r/steam_link,0.0
/r/gamedealsmeta,0.0
/r/giftofgames,0.0
/r/energy,0.0
/r/audiomeditation,0.0
/r/darkfuturology,0.0
/r/gamesale,0.0
/r/fireindia,0.0
/r/gamesociety,0.0
/r/truegaming,0.0
/r/30daysit,0.0
/r/steamgrid,0.0
/r/taoism,0.0
/r/randomactsofchristmas,0.0
/r/dutchfire,0.0
/r/pcgaming,0.0
/r/fireuk,0.0
/r/avexchange,0.0
/r/buildmeapc,0.0
/r/fiaustralia,0.0
/r/longlostgamers,0.0
/r/indiegameswap,0.0
/r/controllersupporters,0.0
/r/pcretailers,0.0
/r/collapsesupport,0.0
/r/randomkindness,0.0
/r/climate,0.0
/r/buildapcsalesuk,0.0
/r/indiegaming,0.0
/r/collapse_wilds,0.0
/r/askgames,0.0
/r/cordcutters,0.0
/r/tinyhouses,0.0
/r/suicidebereavement,0.0
/r/dumpsterdiving,0.0
/r/badkarma,0.0
/r/preppers,0.0
/r/overpopulation,0.0
/r/futurology,0.0
/r/homenetworking,0.0
/r/swresources,0.0
/r/eupersonalfinance,0.0
/r/mechmarket,0.0
/r/dzogchen,0.0
/r/upcycling,0.0
/r/ukpersonalfinance,0.0
/r/steamcontrollermusic,0.0
/r/bapccanada,0.0
/r/diy,0.0
/r/gamingpc,0.0
/r/asceticism,0.0
/r/gamebundles,0.0
/r/earlybuddhism,0.0
/r/foodsovereignty,0.0
/r/vegrecipes,0.0
/r/cantax,0.0
/r/lowendgaming,0.0
/r/transition,0.0
/r/frugalmalefashioncdn,0.0
/r/chan,0.0
/r/bushcraft,0.0
/r/assistance,0.0
/r/seedstock,0.0
