subreddit,centrality
/r/frugal,0.6292847197358479
/r/buildapc,0.48009839413348193
/r/collapse,0.30785230271445757
/r/gamedeals,0.2916921934465795
/r/simpleliving,0.2579583880335754
/r/canadianhardwareswap,0.24198459110739806
/r/zerowaste,0.19309251965893554
/r/meditation,0.16886661097187414
/r/steam,0.1417989417989418
/r/buildapcsales,0.12417153996101365
/r/financialindependence,0.1235932423651721
/r/freegamesonsteam,0.11314397103870788
/r/plantbaseddiet,0.11272626009468115
/r/hardwareswap,0.10815000464123273
/r/buddhism,0.09273182957393485
/r/randomactsofgaming,0.08265107212475634
/r/steamcontroller,0.07251461988304093
/r/steamgameswap,0.06736285157337789
/r/shouldibuythisgame,0.06265664160401002
/r/bapcsalescanada,0.033491135245521206
/r/sustainability,0.028180636777127992
/r/personalfinancecanada,0.021154738698598352
/r/suicidewatch,0.020996936786410472
/r/anticonsumption,0.013483974486480725
/r/personalfinance,0.012426436461524182
/r/povertyfinance,0.010707323865218603
/r/cordcutters,0.010526315789473684
/r/buyitforlife,0.0019885693068650433
/r/eatcheapandhealthy,0.0015355849942316107
/r/gardening,0.00113643898105051
/r/vegan,0.0008911166805903646
/r/laptopdeals,0.0007797270955165693
/r/pcmasterrace,0.0
/r/nutritionfacts,0.0
/r/steambox,0.0
/r/permaculture,0.0
/r/cadeals,0.0
/r/valve,0.0
/r/buildapcforme,0.0
/r/steamfriend,0.0
/r/europefire,0.0
/r/beermoney,0.0
/r/yoga,0.0
/r/apphookup,0.0
/r/controllersupporters,0.0
/r/swresources,0.0
/r/theravada,0.0
/r/games,0.0
/r/collapsedoc,0.0
/r/steamhardware,0.0
/r/rad_decentralization,0.0
/r/vegandoctors,0.0
/r/environment,0.0
/r/gamingsuggestions,0.0
/r/ausfinance,0.0
/r/androidgamedeals,0.0
/r/depression,0.0
/r/stoicism,0.0
/r/breadit,0.0
/r/veganexchange,0.0
/r/squarefootgardening,0.0
/r/composting,0.0
/r/hardwareswapaustralia,0.0
/r/maketotaldestr0i,0.0
/r/free,0.0
/r/serioussteamreviews,0.0
/r/frugalurbanhermits,0.0
/r/hulu,0.0
/r/pureland,0.0
/r/suggestalaptop,0.0
/r/koans,0.0
/r/boardgameexchange,0.0
/r/globalcollapse,0.0
/r/askvegans,0.0
/r/steamdeals,0.0
/r/mealprepsunday,0.0
/r/battlestations,0.0
/r/survival,0.0
/r/eatcheapandvegan,0.0
/r/steamos,0.0
/r/resilientcommunities,0.0
/r/zenbuddhism,0.0
/r/epicureanism,0.0
/r/budgetfood,0.0
/r/selfsufficiency,0.0
/r/asmr,0.0
/r/peakoil,0.0
/r/canning,0.0
/r/whatcarshouldibuy,0.0
/r/homenetworking,0.0
/r/steamcontrollermods,0.0
/r/vegetarian,0.0
/r/thriftstorehauls,0.0
/r/rich_roll,0.0
/r/foraging,0.0
/r/appleswap,0.0
/r/steam_giveaway,0.0
/r/mahamudra,0.0
/r/freegamefindings,0.0
/r/cheap_meals,0.0
/r/mealprep,0.0
/r/slowcooking,0.0
/r/hardware,0.0
/r/futurology,0.0
/r/overpopulation,0.0
/r/frugalketo,0.0
/r/homestead,0.0
/r/postcollapse,0.0
/r/mahayana,0.0
/r/meditationpics,0.0
/r/techsupport,0.0
/r/stormcoming,0.0
/r/veganrecipes,0.0
/r/vegetarianism,0.0
/r/fican,0.0
/r/collapsademic,0.0
/r/raw,0.0
/r/nosurf,0.0
/r/playitforward,0.0
/r/canadianinvestor,0.0
/r/vajrayana,0.0
/r/veg,0.0
/r/collapseskills,0.0
/r/longlostgamers,0.0
/r/vegproblems,0.0
/r/steam_link,0.0
/r/giftofgames,0.0
/r/30daysit,0.0
/r/energy,0.0
/r/audiomeditation,0.0
/r/darkfuturology,0.0
/r/hardwareswapeu,0.0
/r/gamesale,0.0
/r/fireindia,0.0
/r/gamesociety,0.0
/r/truegaming,0.0
/r/steamgrid,0.0
/r/fiaustralia,0.0
/r/taoism,0.0
/r/randomactsofchristmas,0.0
/r/hardwareswapuk,0.0
/r/dutchfire,0.0
/r/pcgaming,0.0
/r/fireuk,0.0
/r/avexchange,0.0
/r/buildmeapc,0.0
/r/gamedealsmeta,0.0
/r/indiegameswap,0.0
/r/dzogchen,0.0
/r/indiegaming,0.0
/r/eupersonalfinance,0.0
/r/economiccollapse,0.0
/r/collapsesupport,0.0
/r/randomkindness,0.0
/r/declutter,0.0
/r/climate,0.0
/r/patientgamers,0.0
/r/buildapcsalesuk,0.0
/r/collapse_wilds,0.0
/r/mechmarket,0.0
/r/stockmarketcrash,0.0
/r/askgames,0.0
/r/tinyhouses,0.0
/r/suicidebereavement,0.0
/r/dumpsterdiving,0.0
/r/leanfire,0.0
/r/badkarma,0.0
/r/preppers,0.0
/r/pcretailers,0.0
/r/upcycling,0.0
/r/ukpersonalfinance,0.0
/r/foodsovereignty,0.0
/r/steamcontrollermusic,0.0
/r/bapccanada,0.0
/r/diy,0.0
/r/gamingpc,0.0
/r/asceticism,0.0
/r/gamebundles,0.0
/r/earlybuddhism,0.0
/r/investing,0.0
/r/bikecommuting,0.0
/r/assistance,0.0
/r/vegrecipes,0.0
/r/cantax,0.0
/r/lowendgaming,0.0
/r/transition,0.0
/r/frugalmalefashioncdn,0.0
/r/chan,0.0
/r/minimalism,0.0
/r/bushcraft,0.0
/r/seedstock,0.0
